,NAME,SEASON,SLOPE,Y_INTERCEPT,R2,NODATA_FL,PEAK_FL,VPFAREA_FL,VPFTIME_FL,POS_PX_ARE,TOT_PX_ARE,POS_PX_TIM,TOT_PX_TIM
22,Arctic_Archipelago_Clear,Spring,-0.000378031,-1.074492126,0.780439674,FALSE,TRUE,TRUE,TRUE,61768,1688,370608,2762
23,Arctic_Archipelago_Turbid,Spring,-0.000321774,-1.110976903,0.752142466,FALSE,TRUE,TRUE,TRUE,1970,5,11820,5
24,Arctic_Basin_Clear,Spring,-0.000637979,-1.004039635,0.83039969,FALSE,TRUE,TRUE,TRUE,220005,751,1320030,751
66,Arctic_Archipelago_Clear,Winter,,,,TRUE,FALSE,TRUE,TRUE,61768,0,308840,0
67,Arctic_Archipelago_Turbid,Winter,,,,TRUE,FALSE,TRUE,TRUE,1970,0,9850,0
68,Arctic_Basin_Clear,Winter,,,,TRUE,FALSE,TRUE,TRUE,220005,0,1100025,0
69,Eastern_Arctic_Turbid,Winter,,,,TRUE,FALSE,TRUE,TRUE,6982,0,34910,0
70,Eastern_Arctic_Clear,Winter,-0.005100428,1.314530332,0.991827607,FALSE,FALSE,TRUE,TRUE,101588,5167,507940,5167
73,Hudson_Bay_Complex_Clear,Winter,-0.000965588,-0.722276272,0.914756051,FALSE,FALSE,TRUE,TRUE,98369,388,491845,388
74,Hudson_Bay_Complex_Turbid,Winter,-0.001407596,0.824401535,0.913902805,FALSE,TRUE,TRUE,TRUE,21636,111,108180,111
86,Western_Arctic_Clear,Winter,,,,TRUE,FALSE,TRUE,TRUE,65120,0,325600,0
87,Western_Arctic_Turbid,Winter,,,,TRUE,FALSE,TRUE,TRUE,14513,0,72565,0
0,Arctic_Archipelago_Clear,Fall,-0.001746068,-0.257557402,0.9766959,FALSE,FALSE,FALSE,TRUE,61768,16126,370608,18822
1,Arctic_Archipelago_Turbid,Fall,-0.000313216,-0.836412276,0.473057515,FALSE,TRUE,FALSE,TRUE,1970,563,11820,758
2,Arctic_Basin_Clear,Fall,-0.00382331,0.561462032,0.973285466,FALSE,FALSE,FALSE,TRUE,220005,30114,1320030,38573
30,Hudson_Bay_Complex_Turbid,Spring,-0.002328168,0.374916813,0.975817489,FALSE,FALSE,FALSE,TRUE,21636,6039,129816,9446
42,Western_Arctic_Clear,Spring,-0.001626532,-0.427176528,0.977396627,FALSE,FALSE,FALSE,TRUE,65120,13327,390720,15637
43,Western_Arctic_Turbid,Spring,-0.000347226,-0.865425929,0.773746611,FALSE,TRUE,FALSE,TRUE,14513,2627,87078,3851
46,Arctic_Basin_Clear,Summer,-0.003151492,0.262061399,0.975631619,FALSE,FALSE,FALSE,TRUE,220005,33519,1320030,66208
76,Newfoundland-Labrador_Shelves_Turbid,Winter,-0.00231626,0.417199411,0.976901873,FALSE,FALSE,FALSE,TRUE,540,200,2700,225
3,Eastern_Arctic_Turbid,Fall,-0.006519951,2.212201109,0.998247978,FALSE,FALSE,FALSE,FALSE,6982,6724,41892,13082
4,Eastern_Arctic_Clear,Fall,-0.005428189,1.531458046,0.995764453,FALSE,FALSE,FALSE,FALSE,101588,99879,609528,252424
5,Gulf_of_Saint_Lawrence_Turbid,Fall,-0.005937222,2.248960962,0.929425608,FALSE,FALSE,FALSE,FALSE,6906,6685,41436,31624
6,Gulf_of_Saint_Lawrence_Clear,Fall,-0.005157718,1.65069802,0.937097289,FALSE,FALSE,FALSE,FALSE,10408,10319,62448,57342
7,Hudson_Bay_Complex_Clear,Fall,-0.006195187,1.998741406,0.997650768,FALSE,FALSE,FALSE,FALSE,98369,97860,590214,369284
8,Hudson_Bay_Complex_Turbid,Fall,-0.003889613,1.391608278,0.953520309,FALSE,FALSE,FALSE,FALSE,21636,20400,129816,82696
9,Newfoundland-Labrador_Shelves_Clear,Fall,-0.005126965,1.425088897,0.997566292,FALSE,FALSE,FALSE,FALSE,78417,77640,470502,418390
10,Newfoundland-Labrador_Shelves_Turbid,Fall,-0.007008084,2.685203413,0.959916535,FALSE,FALSE,FALSE,FALSE,540,396,3240,1632
11,Northern_Shelf_Clear,Fall,-0.005072456,1.605429333,0.931573621,FALSE,FALSE,FALSE,FALSE,3314,3288,19884,19236
12,Northern_Shelf_Turbid,Fall,-0.006752703,2.556053785,0.952458846,FALSE,FALSE,FALSE,FALSE,4404,3609,26424,17493
13,Offshore_Pacific_Clear,Fall,-0.003737273,0.697783152,0.997097257,FALSE,FALSE,FALSE,FALSE,23071,23071,138426,135661
15,Scotian_Shelf_Turbid,Fall,-0.004407387,1.54124046,0.931606812,FALSE,FALSE,FALSE,FALSE,1354,1268,8124,6856
16,Scotian_Shelf_Clear,Fall,-0.004429369,1.006700695,0.994271745,FALSE,FALSE,FALSE,FALSE,24970,24944,149820,144348
17,Southern_Shelf_Turbid,Fall,-0.005380801,1.966345276,0.919560798,FALSE,FALSE,FALSE,FALSE,1269,1183,7614,5900
18,Southern_Shelf_Clear,Fall,-0.003935786,1.028975999,0.932405982,FALSE,FALSE,FALSE,FALSE,729,729,4374,4366
19,Strait_of_Georgia_Turbid,Fall,-0.006153422,2.304292745,0.976250787,FALSE,FALSE,FALSE,FALSE,628,451,3768,1542
20,Western_Arctic_Clear,Fall,-0.005553194,1.616355168,0.994566775,FALSE,FALSE,FALSE,FALSE,65120,60174,390720,125829
21,Western_Arctic_Turbid,Fall,-0.003692257,1.282476657,0.925887982,FALSE,FALSE,FALSE,FALSE,14513,13435,87078,36369
25,Eastern_Arctic_Turbid,Spring,-0.001080126,0.005341536,0.769232339,FALSE,TRUE,FALSE,FALSE,6982,4661,41892,6216
26,Eastern_Arctic_Clear,Spring,-0.001625884,-0.239996611,0.923718404,FALSE,FALSE,FALSE,FALSE,101588,28759,609528,63604
27,Gulf_of_Saint_Lawrence_Turbid,Spring,-0.005235659,1.915837659,0.94220286,FALSE,FALSE,FALSE,FALSE,6906,6729,41436,37551
28,Gulf_of_Saint_Lawrence_Clear,Spring,-0.004780351,1.445505581,0.940434767,FALSE,FALSE,FALSE,FALSE,10408,10342,62448,60302
29,Hudson_Bay_Complex_Clear,Spring,-0.001973735,-0.158569114,0.980301847,FALSE,FALSE,FALSE,FALSE,98369,46909,590214,68891
31,Newfoundland-Labrador_Shelves_Clear,Spring,-0.003901174,0.855354067,0.999297965,FALSE,FALSE,FALSE,FALSE,78417,75373,470502,382919
32,Newfoundland-Labrador_Shelves_Turbid,Spring,-0.00299277,0.703138314,0.969030597,FALSE,FALSE,FALSE,FALSE,540,384,3240,1523
33,Northern_Shelf_Clear,Spring,-0.00460792,1.333707308,0.926860758,FALSE,FALSE,FALSE,FALSE,3314,3294,19884,19450
34,Northern_Shelf_Turbid,Spring,-0.005217315,1.838096256,0.920865758,FALSE,FALSE,FALSE,FALSE,4404,3676,26424,18675
35,Offshore_Pacific_Clear,Spring,-0.00376329,0.627047385,0.993086548,FALSE,FALSE,FALSE,FALSE,23071,23071,138426,136284
37,Scotian_Shelf_Turbid,Spring,-0.003740637,1.348322167,0.963172904,FALSE,FALSE,FALSE,FALSE,1354,1268,8124,6937
38,Scotian_Shelf_Clear,Spring,-0.003994115,0.910598498,0.969266974,FALSE,FALSE,FALSE,FALSE,24970,24951,149820,147878
39,Southern_Shelf_Turbid,Spring,-0.004857756,1.662456664,0.9208857,FALSE,FALSE,FALSE,FALSE,1269,1192,7614,6075
40,Southern_Shelf_Clear,Spring,-0.003493554,0.743536847,0.922466238,FALSE,FALSE,FALSE,FALSE,729,729,4374,4367
41,Strait_of_Georgia_Turbid,Spring,-0.005201572,1.97602453,0.96823921,FALSE,FALSE,FALSE,FALSE,628,470,3768,1892
44,Arctic_Archipelago_Clear,Summer,-0.002881285,0.321110781,0.996296155,FALSE,FALSE,FALSE,FALSE,61768,30047,370608,58347
45,Arctic_Archipelago_Turbid,Summer,-0.004057285,1.307725969,0.966464006,FALSE,FALSE,FALSE,FALSE,1970,1536,11820,3353
47,Eastern_Arctic_Turbid,Summer,-0.003770928,0.976982954,0.925711488,FALSE,FALSE,FALSE,FALSE,6982,6698,41892,34277
48,Eastern_Arctic_Clear,Summer,-0.004565624,1.094309308,0.995593911,FALSE,FALSE,FALSE,FALSE,101588,98760,609528,442978
49,Gulf_of_Saint_Lawrence_Turbid,Summer,-0.005239172,1.828462153,0.936621272,FALSE,FALSE,FALSE,FALSE,6906,6624,41436,32315
50,Gulf_of_Saint_Lawrence_Clear,Summer,-0.004268122,1.125328489,0.915873494,FALSE,FALSE,FALSE,FALSE,10408,10336,62448,60802
51,Hudson_Bay_Complex_Clear,Summer,-0.005569157,1.642792459,0.996285259,FALSE,FALSE,FALSE,FALSE,98369,97888,590214,499390
52,Hudson_Bay_Complex_Turbid,Summer,-0.004318623,1.523688215,0.944941458,FALSE,FALSE,FALSE,FALSE,21636,20569,129816,92818
53,Newfoundland-Labrador_Shelves_Clear,Summer,-0.003990378,0.786893069,0.995913012,FALSE,FALSE,FALSE,FALSE,78417,77622,470502,461530
54,Newfoundland-Labrador_Shelves_Turbid,Summer,-0.00578109,2.025490296,0.974412015,FALSE,FALSE,FALSE,FALSE,540,387,3240,1873
55,Northern_Shelf_Clear,Summer,-0.002735741,0.40197136,0.964247177,FALSE,FALSE,FALSE,FALSE,3314,3298,19884,19570
56,Northern_Shelf_Turbid,Summer,-0.004155241,1.365352362,0.962539574,FALSE,FALSE,FALSE,FALSE,4404,3739,26424,20346
57,Offshore_Pacific_Clear,Summer,-0.002266964,-0.133506132,0.990104036,FALSE,FALSE,FALSE,FALSE,23071,23071,138426,133913
59,Scotian_Shelf_Turbid,Summer,-0.004614849,1.557821021,0.927137598,FALSE,FALSE,FALSE,FALSE,1354,1256,8124,6402
60,Scotian_Shelf_Clear,Summer,-0.003735464,0.591837705,0.991161159,FALSE,FALSE,FALSE,FALSE,24970,24953,149820,149394
61,Southern_Shelf_Turbid,Summer,-0.003802664,1.35368291,0.980894734,FALSE,FALSE,FALSE,FALSE,1269,1203,7614,6676
62,Southern_Shelf_Clear,Summer,-0.002285674,0.187993658,0.957789982,FALSE,FALSE,FALSE,FALSE,729,729,4374,4374
63,Strait_of_Georgia_Turbid,Summer,-0.005426744,2.098770567,0.949951384,FALSE,FALSE,FALSE,FALSE,628,493,3768,1646
64,Western_Arctic_Clear,Summer,-0.005323231,1.43784421,0.992627629,FALSE,FALSE,FALSE,FALSE,65120,62126,390720,187766
65,Western_Arctic_Turbid,Summer,-0.004045073,1.498632289,0.939114781,FALSE,FALSE,FALSE,FALSE,14513,13710,87078,56659
71,Gulf_of_Saint_Lawrence_Turbid,Winter,-0.004325854,1.365333162,0.968055254,FALSE,FALSE,FALSE,FALSE,6906,6697,34530,30633
72,Gulf_of_Saint_Lawrence_Clear,Winter,-0.004937454,1.393800431,0.99946203,FALSE,FALSE,FALSE,FALSE,10408,10338,52040,40644
75,Newfoundland-Labrador_Shelves_Clear,Winter,-0.004931256,1.30663489,0.996839195,FALSE,FALSE,FALSE,FALSE,78417,57666,392085,177529
77,Northern_Shelf_Clear,Winter,-0.007742363,2.767476136,0.999315424,FALSE,FALSE,FALSE,FALSE,3314,3222,16570,10210
78,Northern_Shelf_Turbid,Winter,-0.007343976,2.827911794,0.935202474,FALSE,FALSE,FALSE,FALSE,4404,2805,22020,5764
79,Offshore_Pacific_Clear,Winter,-0.004308946,0.935434228,0.995086362,FALSE,FALSE,FALSE,FALSE,23071,23071,115355,93827
81,Scotian_Shelf_Turbid,Winter,-0.003154253,1.087865361,0.964995905,FALSE,FALSE,FALSE,FALSE,1354,1240,6770,5188
82,Scotian_Shelf_Clear,Winter,-0.004724821,1.213307676,0.997626702,FALSE,FALSE,FALSE,FALSE,24970,24943,124850,104544
83,Southern_Shelf_Turbid,Winter,-0.006314753,2.297711932,0.949062732,FALSE,FALSE,FALSE,FALSE,1269,1156,6345,4046
84,Southern_Shelf_Clear,Winter,-0.005750029,1.746821984,0.997590917,FALSE,FALSE,FALSE,FALSE,729,729,3645,3533
85,Strait_of_Georgia_Turbid,Winter,-0.004762979,1.736368018,0.961850567,FALSE,FALSE,FALSE,FALSE,628,408,3140,1163
